,A,B,C,D
2000-01-01,0.051323849835851164,0.8046201283691605,-0.9386558631653794,0.48569223899549047
2000-01-02,-0.0962243918392677,2.752810661968196,-0.8665927377677181,0.5812100950203289
2000-01-03,-1.8546487526743005,2.640931227301376,-1.9009433459524414,1.7104194521414486
2000-01-04,-1.330881620151966,2.2078332273677628,-0.5944375633300973,1.0161404242118104
2000-01-05,-0.5776712293770658,2.0473145725746003,-0.1964688557265054,-0.7409058113802551
2000-01-06,-1.2741045895636607,2.124574699534409,-1.119460848652127,-1.1003415086264798
2000-01-07,-2.319688763274232,2.5891038534949278,-1.7019752655771452,-1.500270654202082
2000-01-08,-2.3744622916476277,3.0054328816063025,-3.2651128241238485,0.13130623388332108
2000-01-09,-1.5765977210569533,2.4926230041597,-3.4091187417594524,1.4449623050113172
2000-01-10,-2.230347155848984,2.787689863458506,-4.6941801037410125,0.5522760962567285
2000-01-11,-3.1013529772120862,1.773643729337575,-5.564587410980531,0.9156621546674897
2000-01-12,-2.3361018190520255,2.9155223601253075,-4.545892815747015,0.15950381055110918
2000-01-13,-3.861218330300228,4.036975517352655,-5.269098314565693,-0.5389333836829836
2000-01-14,-5.157846231343256,5.2630023789783,-5.994814919868988,-0.22051572677487924
2000-01-15,-4.972394079477943,5.8811767436109825,-4.337738110690541,-0.795671437569575
2000-01-16,-4.489913039822742,5.683970108459054,-2.896654546873049,-1.3202686727640205
2000-01-17,-4.201600816908101,5.868819187271889,-2.4910670386910776,-2.5171417851286684
2000-01-18,-3.5261043340225755,6.142616452036363,-4.812028200012914,-2.3942393150610886
2000-01-19,-2.7840803909668965,6.061130415795215,-6.231492675127486,-4.585331992718386
2000-01-20,-4.193373404966574,5.917191428921523,-6.568372259961925,-4.11869017462863
2000-01-21,-4.7600592716142955,7.284654163403582,-7.628846037142884,-3.983393939738602
2000-01-22,-3.0109067393295152,6.2335186005663195,-6.804429519847249,-3.5793205649958866
2000-01-23,-1.2916555208385543,5.651978010931315,-8.093406540613266,-5.225223224662309
2000-01-24,-1.8000531705375193,5.190556580600832,-8.391082677320814,-5.168922224746777
2000-01-25,-2.4874282755137997,5.9302266900071245,-8.38928140455155,-5.451527061556045
2000-01-26,-2.196015538274172,4.096090653303418,-6.8639965528134415,-5.388568317426913
2000-01-27,-1.467225782247223,3.7150567873130185,-6.839679562476158,-7.396628688097564
2000-01-28,-0.8507752615671873,3.7883257293651953,-6.897405103542588,-8.117471867692915
2000-01-29,-0.8237252853721674,3.586273076700253,-6.481544105361007,-7.868636063470386
2000-01-30,-0.8693302411232642,2.7144293549843086,-6.7829745779585355,-9.24371023418181
2000-01-31,-0.3438992266016814,1.8217387434554149,-5.804505904120148,-9.810133126893616
2000-02-01,-0.5863140564187987,-0.01741544212968904,-6.00283360147647,-9.223175718826733
2000-02-02,-0.8934759602196237,0.6128969728830225,-6.848474678139273,-9.115091518625798
2000-02-03,-0.6622404895963534,0.9963729455695891,-6.369215452218601,-10.417477335714922
2000-02-04,-1.708915621327004,0.7081111803304221,-7.033135128160743,-9.717999199711267
2000-02-05,-2.1054332269467078,0.21314066078779692,-7.767544050831007,-9.689006515444145
2000-02-06,-2.865104318895373,-0.18860204199426317,-9.283060922704221,-8.785010100094167
2000-02-07,-3.3819088169630467,-0.7749599606979978,-9.130198146206194,-8.231554186527957
2000-02-08,-3.115805776120293,-2.2557239548989547,-8.070667733196437,-7.329812122799028
2000-02-09,-1.5732503607089572,-3.6590087590798603,-9.078197099073526,-7.058802974666686
2000-02-10,-1.1466138923722482,-4.576508057154431,-7.3289152932724395,-7.257992455235701
2000-02-11,0.15972288118934297,-3.7103145425701327,-7.568432122136258,-8.008176719546247
2000-02-12,-0.03009278862213713,-2.3877033062366917,-7.025060863336786,-7.031723169112909
2000-02-13,-0.33464605887179344,-2.203522162974428,-7.585339094295923,-5.37327329010453
2000-02-14,0.2607147591314801,-1.5185863216638478,-8.72676143325888,-4.57700901420155
2000-02-15,-1.2880944837823587,-0.8686956773590158,-7.521860896165228,-4.285569351072999
2000-02-16,-1.7877527758710743,-0.3432912162166264,-7.468430194425985,-4.463835766471482
2000-02-17,-2.0211211500816404,-0.2735888619731286,-8.72182025925916,-5.129333430042794
2000-02-18,-0.8224162089708282,-1.3684432342290342,-9.443433667522395,-6.902931870814909
2000-02-19,-0.12802272914292478,-2.3239190486178862,-10.929784951771097,-7.071166230512772
2000-02-20,0.12399441809839251,-2.09204737472465,-10.946505165690525,-7.413011096445585
2000-02-21,-1.2857868993088006,-3.889721582800264,-10.85678937852664,-7.711222749957
2000-02-22,-0.8598960332760415,-4.2569026167271184,-10.619690093163745,-9.376407968888424
2000-02-23,1.2161830560232834,-2.960326488851992,-10.532867042250414,-8.370736789160976
2000-02-24,1.5277668491186935,-2.740178950605942,-9.427128779094776,-11.036238814562822
2000-02-25,2.054541856316484,-2.8482391716229754,-10.272735242259081,-11.075293264073293
2000-02-26,3.4377593516298983,-3.2500154522968856,-9.53086598089411,-10.187145197873301
2000-02-27,3.080057504431599,-0.98898247572011,-10.777331215424399,-10.417068343402583
2000-02-28,3.744475515182441,-1.9492286654194426,-10.171382036121226,-10.986180405804188
2000-02-29,3.7334238550137275,-0.6001645685358861,-10.966047284222974,-11.934097556886975
2000-03-01,4.306262658938546,-0.8324541736701137,-10.792337550832434,-12.85617020445372
2000-03-02,4.834629434903617,0.9741454102017753,-8.90092710138753,-11.599596780227396
2000-03-03,4.990064103232064,1.4531675077249289,-8.00370471683891,-12.60964921443852
2000-03-04,4.246843898454941,-0.10545297404277965,-7.167303249909638,-12.293793375611987
2000-03-05,6.320208603828322,0.0979593980868129,-6.695961155976401,-10.28623727227645
2000-03-06,7.880116291606222,-1.1799284120515443,-5.6754118703069425,-9.676705076623229
2000-03-07,8.63543187058858,-0.895507968061539,-6.164470618148491,-8.562616192691594
2000-03-08,8.08057702583865,-0.05444665087311351,-7.265189371136399,-8.095986310597139
2000-03-09,9.961916740683293,-0.7059986066328799,-7.653685687122212,-8.25970208498987
2000-03-10,10.629788554723769,-1.895111793015937,-6.7544935728290145,-6.751744268941544
2000-03-11,11.130021554986552,-2.134385004821441,-6.9074385511608405,-6.667995397061801
2000-03-12,9.648460829431272,-0.8667738201398592,-9.040261600844286,-6.230092142902272
2000-03-13,9.980116526866581,-1.8314330562169348,-8.103000713569845,-8.18798870462755
2000-03-14,9.776663521292315,-1.805502159049416,-9.928973772716608,-9.12075011807298
2000-03-15,9.01292600423701,0.1622231841579953,-8.764485122566313,-8.92370842863646
2000-03-16,6.963534231453984,1.3764749939291985,-8.435145357815959,-8.713168844350623
2000-03-17,6.729935572968134,2.2809182849975924,-8.630839097824827,-9.457184194808969
2000-03-18,6.902429197473221,0.8089236219035576,-7.100510827391999,-10.032918160919955
2000-03-19,4.688325328326066,0.3622682352678776,-5.492561745736563,-10.814892387569884
2000-03-20,4.060460005432631,-0.5362814029803387,-3.9664171168523805,-12.191922333963477
2000-03-21,4.060768240051145,0.7027204092642034,-4.661860169614816,-11.782559783417781
2000-03-22,4.358041249012763,1.4092641324305741,-4.822928595201062,-11.607170062692498
2000-03-23,3.05893373031612,1.7786955883755946,-6.31062372837375,-10.278249538378967
2000-03-24,3.0299214043958838,4.516124036972029,-6.392078150236564,-11.849678111240598
2000-03-25,3.11648535506074,5.232649851166414,-8.366430491204222,-12.000719448087926
2000-03-26,3.9791360878327557,5.877086301293375,-8.858114876198023,-11.569990248966873
2000-03-27,3.013739713697604,6.17818975237457,-8.087339430421803,-12.048987493138828
2000-03-28,3.819005526100321,6.59926022347193,-6.319023736796355,-12.909609135664875
2000-03-29,3.5219123863811714,8.41964115972567,-7.390275745481106,-13.944720880026159
2000-03-30,4.067922556985449,7.753898346595465,-7.5709717902307645,-12.812153893888802
2000-03-31,7.00150260258945,6.7916077921688505,-8.117909276453181,-11.986470632060241
2000-04-01,6.845325735929206,7.473641621971891,-10.218091191687945,-12.654667653045363
2000-04-02,5.173209458402958,6.976689061378746,-10.417715383319168,-12.356888000349358
2000-04-03,5.858719779527251,6.8879727497562575,-12.510159706764474,-13.599489207452208
2000-04-04,6.460927666302958,6.0725475490644545,-13.753325015276234,-12.92038398984007
2000-04-05,5.090875597392254,5.787114790139359,-14.540135755012873,-13.109581318307576
2000-04-06,6.156577342126299,6.324521283835231,-14.040498200218911,-13.154963539326097
2000-04-07,6.525610133686456,5.593579505377303,-14.82168569708062,-14.056872110394755
2000-04-08,5.750321284918249,6.21379238002795,-13.241864801770172,-13.10493082587299
2000-04-09,7.1133574101412425,5.365082432671273,-13.018917564489925,-13.418709716856183
2000-04-10,7.801897402698944,6.105708529414594,-13.153799614610778,-12.93274596950071
2000-04-11,7.956656048394054,7.279387153367167,-13.168620083779828,-12.96832935543035
2000-04-12,5.887963915198588,7.629984660702749,-14.656438437518196,-13.176567842505014
2000-04-13,5.559017492097603,8.720546972008743,-13.814278947894943,-13.61503791978543
2000-04-14,6.403695731989848,9.579954510622086,-15.620902903256779,-12.927925469573957
2000-04-15,7.186835107157591,9.624224503166419,-15.7484613432167,-12.33843574993407
2000-04-16,7.866088106052564,9.677191557647586,-14.499597528653508,-12.582380951690842
2000-04-17,7.431461158224898,9.360609437424182,-14.297359848400665,-11.475006924349977
2000-04-18,9.124866061900098,8.806806209123454,-14.631207043371738,-10.064203856846605
2000-04-19,9.590751237474343,9.37418786790795,-14.636299601017473,-10.584701273503025
2000-04-20,8.790339872198597,8.0957912699653,-14.097527161416068,-11.193190159113243
2000-04-21,8.211552872973972,9.210459676287027,-13.316344179308514,-12.047386848146337
2000-04-22,8.412371803565545,9.587845587706886,-12.535333680549885,-13.047841039699195
2000-04-23,8.768024408099429,9.843572343518174,-14.28330939259166,-13.040485480856848
2000-04-24,9.070992298388763,8.811667550405073,-13.3333184506354,-11.835617259398346
2000-04-25,9.503763775984776,8.941566307350914,-13.893307096313295,-10.611139360555025
2000-04-26,11.288278393234085,10.325873480544093,-16.410226167072064,-8.946101738097488
2000-04-27,12.322312992990451,11.396231108351778,-17.734099217042,-8.799362737683124
2000-04-28,13.228722735637646,11.989634444885867,-17.924591038659113,-8.30909875919215
2000-04-29,13.428093675924593,13.242147227716512,-17.396736102309138,-7.923594553338474
2000-04-30,14.454389208478583,14.180360019066683,-17.16907779316622,-8.197698707799395
2000-05-01,13.4271593797434,13.965201744178101,-16.347060553757853,-6.054743921625074
2000-05-02,13.635782113660351,13.434099616325673,-16.59887493044358,-4.587064781799537
2000-05-03,14.161336556770001,15.26323662628846,-17.478138967527432,-2.6737775985129817
2000-05-04,14.012645538873818,14.416875609386752,-19.01988199279654,-2.760408278195023
2000-05-05,15.248370758341327,13.56555043069967,-20.075838547777632,-2.03302679958117
2000-05-06,13.634899917976139,12.41437052512197,-21.14992757739418,-1.1162000273510044
2000-05-07,13.274037404785663,13.32821433664352,-19.875628418326734,-0.36714179590133234
2000-05-08,12.908417761953801,14.294477027926943,-19.71672514187054,1.0589425234038725
2000-05-09,13.347712772330228,13.295873484485067,-19.192337847612155,2.243356398649061
2000-05-10,13.24898160382538,12.963818099556095,-19.32659090647983,2.29631065272296
2000-05-11,13.944260227267577,12.3006034927313,-20.108715603282526,2.029390195362033
2000-05-12,13.90304902239029,11.179853875507755,-19.95723816020892,1.1482495929990808
2000-05-13,15.421379040759431,9.42135635826986,-20.122360800413475,1.3222574602243657
2000-05-14,14.750395040113197,8.80786691980953,-20.852759058631314,0.9419314300343098
2000-05-15,15.354800265951956,8.903432764918277,-22.31066873612294,-0.006337170014566018
2000-05-16,16.78059195583717,9.289642676125899,-22.288216731770433,-0.6477569034734644
2000-05-17,16.30696390278021,8.642776875278688,-20.726791363921535,-0.3790383366062646
2000-05-18,14.935124502691234,8.440892035287817,-21.105334197781033,-0.25584000315148825
2000-05-19,15.764897083841175,8.142299965445565,-22.115731830585148,-0.4520826852805228
2000-05-20,16.417808815107517,7.921791414428399,-22.707945909158187,-1.8882564020640404
2000-05-21,16.85913923903919,9.350517718184383,-22.65406007628009,-0.3443034844884141
2000-05-22,15.83551993952564,9.33415022925381,-21.63868804360433,-0.9489512712123417
2000-05-23,16.15120988140241,10.862535499135424,-22.463628918625623,-1.001576666418123
2000-05-24,15.133366036037899,11.626491571963356,-22.7103525741223,0.32941611460816067
2000-05-25,14.804739545517565,11.38377083882082,-21.81573898898198,1.1632033966932043
2000-05-26,13.515811454659499,11.436825175815873,-24.371630982906083,0.8125939960570376
2000-05-27,14.076522969128193,11.854150569318243,-23.48343617900431,0.14396699993499174
2000-05-28,14.208884068337074,10.471028458258377,-23.27622850806662,-2.51402239079522
2000-05-29,14.400709891247605,10.550801612661909,-22.850329877368274,-1.6112822060926653
2000-05-30,14.131544570007406,10.444724736580488,-23.555409307187112,-1.2554201222206889
2000-05-31,14.164955217410517,10.16199029506683,-22.72907621974135,-0.9776640110932648
2000-06-01,14.974874220889653,9.193591900023213,-22.64678908887277,-1.7505325918298413
2000-06-02,15.51225297696017,8.426403247552624,-21.74923937569009,-4.016788081839186
2000-06-03,15.60879455945577,9.069595940154562,-21.538371402040912,-3.8095963237536608
2000-06-04,16.472845852527314,11.288549861213971,-21.711162348642524,-4.095507396648632
2000-06-05,16.1854296912532,10.477785747491682,-21.289644500367277,-4.498570088955263
2000-06-06,16.356678997464833,9.894230848612118,-21.049423009421055,-4.436028561279115
2000-06-07,15.739795350482273,9.698367996586569,-21.866666427378632,-3.629400216349095
2000-06-08,16.367468029721202,10.726118366883025,-21.828992075793693,-4.6910588887505975
2000-06-09,14.576609675216611,10.442736391574318,-22.057037001903215,-5.8301350926819175
2000-06-10,14.841674862607912,10.708099212782255,-20.368466482129534,-5.067758560903554
2000-06-11,15.412642029770648,11.628006163886797,-19.892894751695646,-5.220762326044473
2000-06-12,13.634843721518866,12.270713046885751,-18.462806077802412,-5.433874294869664
2000-06-13,12.536739947540227,12.022164212158705,-18.247537825023674,-4.589258668910603
2000-06-14,13.4775245911974,12.435379575186381,-18.4544791886185,-4.277177184791807
2000-06-15,14.713438697109506,12.147640668377411,-18.67193723176991,-3.5071259497296703
2000-06-16,15.483716814962458,10.627103877558369,-18.23498352892706,-3.822391130769956
2000-06-17,15.488717120826452,11.149580772035751,-16.91891734841447,-3.391108108971206
2000-06-18,14.843741245070367,13.27418572695903,-16.516639070437442,-2.7432832244971688
2000-06-19,13.11606711326178,13.297315455752843,-16.9051492138843,-3.202099947924707
2000-06-20,11.568903795600008,12.644772541240824,-16.235150641625058,-3.3105725040441962
2000-06-21,11.631514562706682,11.491443015626436,-14.861306080955442,-2.959681478080697
2000-06-22,11.782156967801496,11.579558552693321,-16.669966637283025,-3.813645414852706
2000-06-23,10.89444705691568,12.448911884695121,-17.43534881749673,-4.3157325405822125
2000-06-24,9.98899885213212,12.15738740326237,-18.135098181808715,-5.684347096884482
2000-06-25,9.988576294136456,11.220651600700084,-17.980995966001124,-4.451838306044536
2000-06-26,11.002735217725084,11.374608223662733,-16.997320918294886,-4.7558349635285975
2000-06-27,10.579887296617557,11.532349053276212,-16.908388794017696,-6.589981098240664
2000-06-28,12.355639505444042,10.834079567778405,-15.786331097784238,-6.016015876396182
2000-06-29,12.222520853742534,11.656819142463752,-16.431968376235538,-6.405684441125955
2000-06-30,11.950148072611809,9.754227564862681,-16.16358851768153,-5.74367081229535
2000-07-01,10.753497590195131,9.218362325024382,-17.71636668575858,-6.659068476219654
2000-07-02,10.381611118637155,8.818306651363534,-17.657178775257886,-5.793150410177074
2000-07-03,11.206049813976197,9.22786759725752,-16.860450148108008,-5.042283021404992
2000-07-04,13.167852883617181,9.541153332138734,-17.602407985918894,-4.665869117975827
2000-07-05,12.764575612018751,9.63726156493071,-18.44865644769598,-3.858666409056794
2000-07-06,13.276311896841436,10.453312278805047,-17.966695248990103,-5.31427336368751
2000-07-07,13.785798260544514,10.627893196295632,-16.778950779416846,-4.810659002892172
2000-07-08,13.721678768699615,10.557169936918086,-18.054860299135356,-4.448083362854684
2000-07-09,15.529725238542236,10.003986321924085,-18.18490090551407,-6.5678146961141906
2000-07-10,14.912980941285868,12.008674386233558,-19.289557991817905,-6.500229219159245
2000-07-11,14.099573402798315,11.492394794689725,-19.41401049831309,-6.528080782154971
2000-07-12,13.543996901754847,12.743399651990597,-19.3866227617095,-3.9747708238052564
2000-07-13,13.173318312464556,12.556921816213276,-19.89195999537164,-2.8737762639536353
2000-07-14,14.994074664876043,13.073981896270318,-18.64268026841649,-3.5621503539567723
2000-07-15,14.031472161700503,13.460379041885053,-18.830275315188416,-2.9182484919201435
2000-07-16,13.54006624690292,12.717202671716858,-19.123554260628456,-2.0471237904210375
2000-07-17,14.172287411758631,12.289803327629846,-19.296299603251025,-0.9431716945164408
2000-07-18,15.007918123824872,12.521891353442976,-19.583762575677323,0.021111094532875296
2000-07-19,14.52145399693983,12.31548419015484,-20.044026420923718,0.9218382014888684
2000-07-20,15.478268731910298,11.993824799814407,-20.68059855008441,1.088784380628064
2000-07-21,13.615260821625178,10.266884232882745,-20.866840393702297,0.9864295101882794
2000-07-22,12.280758386739896,9.99682092071524,-21.40699547307722,1.786230222284352
2000-07-23,10.846423742609424,9.232689326712752,-23.160968678969606,1.4974587595974076
2000-07-24,11.722678570831297,9.458835340070989,-22.969075797062853,0.11026622510135087
2000-07-25,12.87463684547661,10.807924385310196,-21.78585014494936,0.630338069319979
2000-07-26,13.10576441773502,11.19388622399242,-23.91373958155678,0.4540491003877967
2000-07-27,13.854070118427382,11.685295068353843,-21.967493671369983,1.4131710948684817
2000-07-28,14.32309761067035,12.790094318411516,-24.28140041730809,1.1771306597607674
2000-07-29,16.247744798333784,13.001570154738028,-24.111753211655383,-2.1480934678586214
2000-07-30,18.174708101756195,13.02758493716593,-23.68164654677778,-0.9813557105317754
2000-07-31,17.259282056687844,12.862257877766215,-25.107956604853513,-2.072040003893913
2000-08-01,18.441356731857702,11.216364070713128,-24.438132040028844,-3.313226466654745
2000-08-02,18.924731959165392,11.752002589033921,-24.842243636909412,-4.4719847755736195
2000-08-03,18.397887091271258,13.727907268415066,-24.474928765541062,-5.358063585081035
2000-08-04,17.6098558209509,14.9164501443002,-24.937719673324015,-5.13107893450146
2000-08-05,17.864001121436118,15.76734297395831,-25.131616206695174,-5.951863007452935
2000-08-06,18.39826176966428,15.651878356777535,-26.162263300858083,-5.4103459363267214
2000-08-07,18.889277064847775,17.264576337238996,-25.746231521998652,-5.871827192316709
2000-08-08,19.834031954922946,16.836259991950367,-25.32269005168311,-4.24383338847938
2000-08-09,17.84084381043169,16.689864209253987,-25.229633672606223,-4.3545756782319005
2000-08-10,16.859450732988872,15.863944992168372,-26.405766916472558,-3.684436191725462
2000-08-11,17.261281609432015,16.155529778378707,-26.65017996941134,-3.1074463445748637
2000-08-12,17.561090301541945,16.52740167973985,-25.81030342000331,-1.733375133418452
2000-08-13,18.757872442124018,16.602032092504675,-26.90461478541641,-2.0827328599762653
2000-08-14,20.26138265277663,16.035853121218324,-26.377748627774004,-1.18193154771991
2000-08-15,18.762339898722953,16.19142237673999,-25.888275018508516,-2.2581232045869086
2000-08-16,17.494107278199778,16.879157143763067,-26.88561575323784,-3.688498708884057
2000-08-17,17.400796157758638,18.118418347095503,-27.817760787956896,-3.238736570562289
2000-08-18,17.95850410312498,19.598470235495256,-26.942933303844647,-3.755657176522428
2000-08-19,18.34994176694253,20.424623122646885,-26.593475878179834,-3.2823870873629324
2000-08-20,16.968705581532483,19.98540736237573,-25.002912134892593,-3.2028726426795084
2000-08-21,17.526564639576566,18.363147885175955,-26.40141905209608,-2.343453775549248
2000-08-22,20.459967724777268,17.343712243722372,-25.504788555050915,-3.887171153711802
2000-08-23,21.01748186918638,18.47074897838515,-25.67341315157365,-3.2781335473815547
2000-08-24,21.099560875257623,17.144685392309142,-24.220929627905573,-3.2433954807784247
2000-08-25,22.28647418048696,16.952976274426746,-24.61347373878383,-3.5435129534543455
2000-08-26,21.720389726942944,18.017491553193473,-25.244491034919324,-3.123670892025677
2000-08-27,22.444347061457382,17.79741213296732,-25.51903183347757,-3.3564849523623868
2000-08-28,22.855891217194866,19.360108293977987,-24.320052298123578,-3.326944799284771
2000-08-29,22.87407739885632,20.43170974416278,-24.290091581439402,-2.1643754350411246
2000-08-30,23.412002187885257,21.98623411417038,-25.21366733776428,-2.4413111981411237
2000-08-31,23.106969843191084,20.802494405109318,-25.02555192639801,-3.6344994825932866
2000-09-01,22.70034021459317,20.930038951113225,-26.04622560928405,-3.510967712106276
2000-09-02,22.424957514044664,21.15516437948298,-25.935515306925776,-3.121668206609052
2000-09-03,22.17107017400132,21.401267462349256,-27.72395399708514,-3.3573718871385467
2000-09-04,21.836649936322587,22.559955187408427,-30.738095791106154,-3.4236160613949385
2000-09-05,23.023223812717447,20.943134193751884,-30.317602472528964,-5.258268350515689
2000-09-06,23.379229110378006,20.301843468879675,-31.045473492075175,-5.784340632141101
2000-09-07,23.61767835440043,19.821500628210405,-30.00455114904286,-6.209312129347263
2000-09-08,24.66105139439444,19.67879546091626,-29.475988148748794,-4.001899453646551
2000-09-09,25.115415815827063,20.73658127026774,-29.991790630497473,-2.4180772813846088
2000-09-10,23.538366195073415,19.863670110065552,-29.60366835057705,-3.649610914988565
2000-09-11,23.782376328746125,18.876370751114862,-28.81463875848128,-1.8460998537545974
2000-09-12,22.61805558483539,19.16085928996581,-29.910018846818797,-2.1112848065026033
2000-09-13,24.01861494225058,20.65958108327232,-31.08102464780869,-1.0161833956987902
2000-09-14,26.064485630652314,19.98085968867164,-31.33927120777453,-0.37055490942991354
2000-09-15,24.084463715070935,19.152198748402053,-31.416368438535393,-0.10699583602251034
2000-09-16,23.570791803273828,18.24870800911938,-30.40330590178891,0.15574196304172222
2000-09-17,24.95274636049586,17.666576862937013,-31.09132952541846,-0.007290902867216537
2000-09-18,25.60863804676052,17.603628202763,-29.574224477338024,-1.205881650133565
2000-09-19,24.126077234443486,19.073414864484104,-27.874403676581384,-2.065041304585333
2000-09-20,26.118518598861936,17.251968033900834,-27.73513783180708,-2.5935161995138207
2000-09-21,25.593928779431337,17.554964806872594,-29.95842568735406,-3.990776758404011
2000-09-22,23.540491362885433,18.268397372401118,-31.26397341581601,-4.782391607221993
2000-09-23,21.91886812209328,19.923176883823572,-31.15211421298418,-4.209161370841489
2000-09-24,23.02504605646539,19.109408771900817,-31.378098715974925,-3.9513345986168718
2000-09-25,26.168267781988245,19.721010715846536,-30.91610652836947,-2.4376065844468693
2000-09-26,27.670819449798174,20.466132002700085,-30.868208142149008,-3.396171354928592
2000-09-27,27.438832449440415,18.697233011417033,-30.340124238471155,-3.7962742036351256
2000-09-28,28.398821046988004,17.726900441770148,-29.614943947032632,-3.305283445680875
2000-09-29,28.613296932489476,17.825191177785424,-30.92357993957697,-2.7200928545649914
2000-09-30,27.042360317667253,19.328145028986032,-32.2402596071751,-2.797401310092761
2000-10-01,26.276327733227557,19.39764323425285,-32.67950333781794,-3.6262231170786716
2000-10-02,27.666664430463793,19.933604069291412,-31.69133173717791,-2.8550304143374694
2000-10-03,26.644507740141997,19.697545966816474,-29.933666522882028,-3.252631545749492
2000-10-04,24.365586034781728,19.945461015347338,-28.330834833188355,-1.8442921033978041
2000-10-05,22.3361807578074,19.43826101250529,-27.909429019584042,-1.3710803626454198
2000-10-06,25.586647261766878,20.681830731460675,-26.95672154313905,-4.169525579198632
2000-10-07,24.987066404533962,20.660928723292955,-27.873216147709783,-3.3758864003713818
2000-10-08,25.248241661218035,18.572140785199224,-29.290427984397827,-4.071912793149112
2000-10-09,25.55195755631407,18.431880925820703,-28.50566224109702,-3.263270843415798
2000-10-10,27.82787680604892,19.17823731122795,-26.573805364432395,-3.952605199538874
2000-10-11,26.899369626049005,19.853540002642927,-24.910045579236268,-3.7002174420211826
2000-10-12,26.359657198952068,20.79253157208178,-24.797984689048672,-3.4168815261037144
2000-10-13,26.43421682150229,22.754599062851813,-25.32490832520239,-4.728981160919195
2000-10-14,25.77615910829656,24.27926629429509,-23.045266340005092,-5.860448191584741
2000-10-15,24.72330731929623,27.44041751657342,-23.785189293610816,-6.451245732082712
2000-10-16,25.460805886789508,26.820880698609166,-24.248290851794618,-7.581532255559265
2000-10-17,24.54671977311547,26.03118848520468,-24.27156775360708,-7.529628525953505
2000-10-18,24.928811630764976,26.966177936507833,-22.810656465451792,-7.5271372150482
2000-10-19,26.08746715291591,26.779143308052923,-23.62484674501943,-8.979741703552046
2000-10-20,27.148395517239315,26.732455554028764,-24.722428759320238,-9.27172805150402
2000-10-21,27.15173356278784,26.111711347229928,-24.623214442687786,-10.340925728173993
2000-10-22,29.428026124532042,24.826319197767983,-24.98667270441076,-11.907190373265214
2000-10-23,28.57934411904934,24.954209994277456,-23.725442729147815,-10.176651599697008
2000-10-24,28.716235712890597,25.93551166027612,-24.68109007778347,-9.526325867984028
2000-10-25,28.701681344997112,24.872424822912286,-25.718898843430022,-10.400611982669858
2000-10-26,28.178910165967025,24.764436523848516,-25.695974746323014,-12.815639397226121
2000-10-27,28.796708083992016,24.904987761748465,-25.668189313052103,-12.447945185069706
2000-10-28,29.51603956510127,26.0519971140222,-25.06008140686692,-13.435948064251603
2000-10-29,29.503638526369517,25.650251982262102,-24.612035382020082,-13.360981940743656
2000-10-30,29.57039220369443,24.872065882629297,-21.909685787163227,-14.16477577389477
2000-10-31,30.171171305713262,24.49807257696419,-21.61327136714336,-15.753097448913147
2000-11-01,29.453457090575842,24.618275929881374,-21.14905170460909,-15.330929428348382
2000-11-02,28.94345001146972,25.03025486942326,-22.882645797972064,-16.323304693373778
2000-11-03,27.829322036748476,23.875472591271897,-23.778962088442427,-17.338586542846045
2000-11-04,25.71516695859966,23.94956720069094,-23.652141784652777,-18.564878964827727
2000-11-05,25.155960022294728,24.612476423471385,-21.62135772494668,-16.996736197754984
2000-11-06,24.19993642166247,25.345117819717913,-20.950296442333205,-17.699256349529573
2000-11-07,23.535215100760006,23.183919735162515,-19.967089280701373,-17.357019364601307
2000-11-08,24.261690192310894,23.133452531233733,-20.325662546574748,-18.48616670121369
2000-11-09,24.025193626791413,23.464067180128076,-17.46920403670367,-18.345917471978268
2000-11-10,24.863269727926824,24.950461734137043,-20.204334339306502,-19.37524257211374
2000-11-11,23.920904750660196,25.982611508857474,-22.123390294315122,-20.159319882797835
2000-11-12,24.23044786985188,26.69798864454925,-23.667386290355232,-20.042931805618174
2000-11-13,23.901986920434133,27.301865727966906,-21.89833332203551,-21.007275934363246
2000-11-14,25.065661476964287,27.083024740871384,-21.933014015876363,-21.126580678490974
2000-11-15,24.25028626306291,26.24203145491336,-20.88683472842548,-21.145410480594556
2000-11-16,24.004423736214825,26.849685826707862,-20.506764963034655,-21.505533792917195
2000-11-17,24.329103449238737,27.40461809924058,-21.267082357029423,-20.997118596765528
2000-11-18,24.145891712344785,27.53718625372692,-20.928891253379593,-20.55059998675547
2000-11-19,25.89214124786818,28.791006309095653,-20.21402254344812,-21.614744640562495
2000-11-20,26.494643306715293,29.337436767830475,-19.831532008172754,-22.75564233293223
2000-11-21,26.16084575455864,28.89238583007375,-18.27522672276817,-21.776619920987834
2000-11-22,24.657426955834023,30.265851583297312,-18.46903033178694,-20.97675666342532
2000-11-23,24.87713782749448,29.673421713535966,-17.231293197716408,-22.47212968415237
2000-11-24,24.856821428457256,29.889352557988804,-18.024452356563767,-23.111434464421542
2000-11-25,23.21345619708395,29.42146538982479,-17.92564153577618,-23.064407990148883
2000-11-26,22.285027490664095,29.96309225759681,-17.52533742393824,-24.032460796082592
2000-11-27,21.153594499397222,31.285512969624914,-19.344445678374914,-23.65294035641779
2000-11-28,21.358974279209107,32.05928637076147,-18.643226366192653,-22.957980215994493
2000-11-29,23.376886875106162,32.37676958063142,-18.900076297966994,-21.454403732221152
2000-11-30,22.01086122785298,32.266228132629614,-19.939905675504626,-21.592511003153565
2000-12-01,21.37974037216265,33.51132708991673,-20.27968722044455,-20.80656634815893
2000-12-02,21.094898201890448,32.3850401321277,-19.419074628384255,-20.31984422619805
2000-12-03,20.378139343206087,32.138223085126704,-18.791973193754885,-18.857279414616695
2000-12-04,22.651052146492304,32.333426304846675,-18.10406645349295,-18.018584240160582
2000-12-05,24.238465739776366,32.13167544645235,-18.077294414948756,-17.71465049562221
2000-12-06,24.987002047348646,31.063779033723506,-16.99702499313896,-19.65813480826974
2000-12-07,23.777082102943126,30.251930107105142,-15.506743129278814,-18.54886347177754
2000-12-08,24.2705306557156,31.156430642024127,-15.308553070318412,-18.610109704283197
2000-12-09,24.22449674440384,31.036160347661387,-15.702082332614744,-18.4012490046948
2000-12-10,25.07814734772617,29.900357836478033,-14.928164949796235,-16.363495102991138
2000-12-11,24.451354288555795,30.384223782477346,-14.86383530594929,-14.743425133159615
2000-12-12,24.850525120026035,31.51950996219357,-13.980800112991545,-13.135756214417821
2000-12-13,25.34981383937483,32.50710306219671,-14.400498838483188,-10.776002500849595
2000-12-14,24.85539909517186,32.87257809629469,-15.57339657432768,-10.219971296013933
2000-12-15,24.17639403243269,32.446583589653464,-15.390071145045024,-9.16124404465981
2000-12-16,23.463895769444292,33.416129044059986,-15.94623694805004,-9.199370958121328
2000-12-17,23.991716385901835,33.933519408334924,-15.439493269732008,-9.141836299773866
2000-12-18,24.9468385758863,33.495714551169975,-15.42503789739741,-9.724067806401143
2000-12-19,25.93441324921502,33.28726537987995,-15.191789790906414,-9.94497148026073
2000-12-20,25.975278867144215,33.002298523768836,-14.554960902328006,-10.889427693312449
2000-12-21,25.73171876123355,31.426896213154645,-14.943606429441308,-11.048301408369543
2000-12-22,24.80021856179648,31.93440365307961,-12.991952480424859,-11.898644464226358
2000-12-23,25.30216965008991,30.833405710216155,-13.473048267241719,-10.599367661380382
2000-12-24,25.268561914897823,30.915000951346954,-14.83962503439236,-9.366735555889573
2000-12-25,25.07401639700894,31.33992537397791,-13.384605064332288,-8.662833897986385
2000-12-26,26.46310180956984,31.26424810331251,-13.598503664531716,-6.936437724773772
2000-12-27,25.388385818559605,30.78475772166699,-14.487725273108124,-6.869419452994296
2000-12-28,25.263166527155896,30.274435905797333,-14.250362142999567,-7.80932440009634
2000-12-29,23.75477881647407,29.93712864682247,-13.938778992979776,-8.37982302188258
2000-12-30,25.368493976372182,28.25260703744183,-13.476294924229709,-8.906785607839852
2000-12-31,25.489864065546737,28.027481804171323,-13.17470624071024,-8.710737479303647
2001-01-01,27.151294783184227,27.887081061374083,-13.762958370884425,-8.659645329881512
2001-01-02,27.37788861928746,28.590469295495005,-13.412878988506774,-8.281804402326062
2001-01-03,27.93139900621945,28.211179575925044,-12.546319620575328,-10.192010367132404
2001-01-04,29.69392707722043,26.935145004204248,-10.418046770608049,-10.238137832232331
2001-01-05,29.129628103318566,27.907877515087314,-9.472804784690972,-10.557255751523858
2001-01-06,27.162903146653857,26.609964342074075,-9.548292177051975,-7.697747919729899
2001-01-07,27.99416983080582,26.586982161323597,-8.343059464294965,-7.773501435792522
2001-01-08,28.504499461698355,26.927834330958813,-7.794316072427336,-8.45439826263961
2001-01-09,28.507290899461662,25.811234535287973,-7.924837107546828,-9.061825757212318
2001-01-10,27.414478152723248,25.80486495920113,-7.1823240845032,-8.241646205713074
2001-01-11,27.573746347139497,25.884756219353797,-8.483145967666658,-7.6531285751096725
2001-01-12,29.80094728258764,26.871094633820732,-9.510358349147143,-7.999301026389416
2001-01-13,30.117430289273432,26.77356961921065,-10.263178938754644,-7.6379761511000215
2001-01-14,30.649506456236907,25.61818605850035,-10.412318811388493,-5.813701716114222
2001-01-15,30.2449409308549,23.841478231898876,-10.189202743464294,-4.629699052959001
2001-01-16,31.38082381775314,20.902444172251357,-11.770314848661366,-5.377346365962643
2001-01-17,32.382723360971156,21.707907133898658,-10.933133138570064,-3.744217641207828
2001-01-18,33.57188870268061,22.20361551591458,-10.498447273117105,-4.880849164923808
2001-01-19,33.60818760685803,21.721811731678137,-11.259877736329473,-4.7739475104013644
2001-01-20,30.56867864773986,20.16789894446305,-11.743278198795467,-4.730451866356867
2001-01-21,31.405405927489284,21.867665099040263,-12.699918757540331,-3.9551965727196143
2001-01-22,32.74113193914818,21.42298872174501,-14.000382463805973,-3.5431265111673644
2001-01-23,33.4180066713237,22.036483917654696,-13.742874709147053,-2.0660524760249
2001-01-24,32.0009599388833,22.984287006704907,-15.032075883139074,-2.400194739321377
2001-01-25,33.24602334446546,22.2170739562802,-15.75640835638656,-1.1495932912460163
2001-01-26,32.914688614708595,21.506949540327287,-15.624566664825469,-0.11103118354791919
2001-01-27,33.17366841625722,20.410758668135532,-15.11488627822445,1.9367303380462868
2001-01-28,35.731266180014416,20.89604417147158,-14.107193846964588,1.386957992669035
2001-01-29,35.39654788213195,19.49567115456197,-12.3196169375046,2.3787889934668804
2001-01-30,36.75731084858706,18.035452311026642,-12.727648417008936,3.1911633453010633
2001-01-31,36.541143126534614,17.450921097231728,-12.451579514994544,1.8953485007126905
2001-02-01,35.26944729041807,17.170221483793046,-12.736248522071799,2.0735055568484677
2001-02-02,32.12004076036025,18.021907600877757,-13.441914273145493,0.8271277237685606
2001-02-03,32.05588507937065,17.611137338566532,-13.158443385703547,-0.00682299734722458
2001-02-04,32.66037320239471,16.657323664132107,-13.429500097723801,1.2932993501952583
2001-02-05,31.79383055549833,16.644496512193832,-12.91714047565382,1.6501957322920981
2001-02-06,31.68812532585073,16.251117519246527,-12.64282301640335,0.9395851840588408
2001-02-07,32.38136925359685,15.621222670467711,-11.89844927589208,1.902128881990941
2001-02-08,30.6578868609148,13.34858040211784,-11.789399552718915,1.761426609067882
2001-02-09,29.904766080015424,14.305164805162939,-10.697347743525155,1.7152157309039668
2001-02-10,29.245222775404446,13.955162717895087,-9.14718411052127,2.2124467947217337
2001-02-11,28.997060463337963,12.504053490983654,-9.942538207104306,2.485734143469165
2001-02-12,27.34672554380985,12.460229625226651,-9.578860514643482,1.9515392584345976
2001-02-13,27.85580629398023,13.038506510674742,-9.761022921748689,0.7694341902623498
2001-02-14,27.34245739740891,13.77725030533507,-9.857915328360459,1.3110857237649336
2001-02-15,26.560039253148126,13.46067315068063,-10.744805565751262,0.07494191163191011
2001-02-16,26.991239036026236,14.148700830592166,-11.311759870191974,1.146831658153637
2001-02-17,26.663169566553787,15.565628064564,-11.155700764091831,0.880270307647837
2001-02-18,25.761727600124043,14.026037550137572,-10.665994744321287,0.07233432937047657
2001-02-19,26.011872884346683,13.569863513753875,-9.981095337052666,-0.02117639180674903
2001-02-20,27.412269340340785,14.234584514501979,-9.52285398464752,-1.3233720432340659
2001-02-21,26.663913325764323,12.90456342556391,-9.273867699686926,-0.46199752289267926
2001-02-22,26.84130554084528,12.252771986688382,-10.11388008041496,-0.7407447442198514
2001-02-23,26.107562151563787,11.478896727579388,-7.993793715661499,-1.068681564503364
2001-02-24,27.663046941264852,11.92576281235247,-7.903174148286392,-1.6034802584793595
2001-02-25,28.244091373226766,11.441453745576863,-9.354973513914706,-1.2057598195171713
2001-02-26,28.892651227785066,13.098198877240879,-8.886079246011596,0.4605175214195216
2001-02-27,29.593444957164472,13.34271391315064,-8.751207149433142,-0.5006650547439714
2001-02-28,30.58211661665023,14.299640485074976,-7.981968243652271,-0.8037355521521043
2001-03-01,29.482009476170784,15.580676482950757,-8.536131073694994,-3.0748693640683973
2001-03-02,28.180299857467162,13.94087896994867,-8.964524047168913,-2.554512286272564
2001-03-03,28.75452007095359,15.269951546084501,-9.19852351417917,-1.8421563104826575
2001-03-04,30.6792543315466,17.445401585667085,-9.67939619170302,-3.3515955542533957
2001-03-05,31.047996143378263,18.85376988679407,-9.31966247482576,-3.3636395990208543
2001-03-06,30.437328030452385,17.856220501110887,-9.498575943014892,-5.430823578243107
2001-03-07,31.206775966359068,16.725154590877537,-11.581649986400052,-4.846377335721945
2001-03-08,32.38022932382115,14.838487484996948,-12.088944145851846,-4.466117851358146
2001-03-09,34.871267413276406,14.615065898280802,-12.04881895693937,-4.208219080283697
2001-03-10,36.22889467044123,14.884644250689531,-13.065353134842349,-2.450028721620815
2001-03-11,35.60128993888815,14.00727459652399,-12.550753930483983,-3.346155584110745
2001-03-12,38.13920750406842,13.153897216252785,-13.664100306945805,-1.7206559792341938
2001-03-13,38.86345880097772,11.721459762287045,-13.28714448934925,0.7378743836732273
2001-03-14,38.318127500105994,10.070131326347898,-13.381235802027108,0.8407475584351101
2001-03-15,39.47186546892549,10.777819110984089,-12.111917726066167,1.8007390899551483
2001-03-16,40.41243253555336,12.062643355998103,-13.07079299638899,2.957817908559507
2001-03-17,39.109226015799855,10.628477951671087,-13.189412954443398,0.13365016686425468
2001-03-18,39.91095873186913,9.630263662312325,-12.51411922751975,1.8874969348043404
2001-03-19,41.777959976476424,9.76519050518643,-11.201099761742542,1.1057686010899035
2001-03-20,42.35122043456265,10.681665315744544,-10.504514142693132,0.7817024138605155
2001-03-21,43.213569656634746,12.652469132629374,-11.687472572833434,3.584456561265074
2001-03-22,43.34383946344743,13.77245389580466,-11.533725158609561,2.7789509417792186
2001-03-23,41.450391691835065,14.123606130895102,-10.848211996702892,2.0185520688661844
2001-03-24,41.4590422422508,16.640607118344313,-10.24780736193919,2.1852555545891175
2001-03-25,40.38873227647191,17.26239510626676,-11.90881447032305,2.5300970311144213
2001-03-26,42.2664875853179,16.809376501306442,-11.083179244879794,1.0869286401253038
2001-03-27,41.731668732256196,15.774832789292523,-12.183193496918694,-0.12873393573899716
2001-03-28,41.238248208614856,17.04566171472649,-11.734997994018306,-0.06810612307300354
2001-03-29,41.85930340604957,16.83339592937816,-12.143832846472232,-1.0266633093160917
2001-03-30,40.551784934257995,17.305210174278862,-10.615352678096174,-2.022558373290287
2001-03-31,41.589370528200746,17.54348650982127,-12.209378240241094,-1.3069926637132308
2001-04-01,42.69696080934926,17.05357397214902,-12.50974971859544,0.49038997729076783
2001-04-02,43.36814847483925,18.45819448544212,-12.960736106061786,2.0815975263302082
2001-04-03,42.69041844095862,17.83451833661804,-13.531933333630857,1.5661389603235913
2001-04-04,44.36832971336825,16.075964822595253,-12.205425340760396,0.9400213116224851
2001-04-05,44.195336782385894,15.81243150189257,-13.953887005711607,1.3207646319828326
2001-04-06,44.465637310892404,15.82224723302899,-13.308213303472904,0.5259608449154741
2001-04-07,44.2688124633795,15.631587600338666,-13.734688298370394,0.5332891325186232
2001-04-08,44.368262261894444,13.695450320362111,-14.15740279779734,-0.7937919730850441
2001-04-09,45.00728995223146,14.197070837223322,-14.477416310686142,-2.3186381674915264
2001-04-10,47.24998061587172,13.447767397000144,-14.65968632413047,-1.6311784554838602
2001-04-11,47.40651225334034,13.116341709897055,-14.7763899230548,0.20562211431193766
2001-04-12,46.423819832091134,14.175891443337104,-17.483625488573868,-0.6860285004198368
2001-04-13,46.12262138698397,12.979537170541297,-18.993163405293,-0.5358242621333862
2001-04-14,45.79397984629465,12.623534266433651,-18.71697422713353,1.0618126531572205
2001-04-15,47.22306231647701,12.385364711505558,-17.31444702192674,-0.13355677588699644
2001-04-16,46.83486416001659,11.685882659236697,-18.301905396817126,-0.46261103992671987
2001-04-17,45.992752533360175,12.515788127272792,-18.460648600268378,0.805969580804951
2001-04-18,44.829597403977886,12.67205613866585,-17.695619496300807,2.3593050819762427
2001-04-19,44.07571918371356,14.099932821719378,-17.430947780296403,2.0505874064145253
2001-04-20,44.469518642161674,13.479936945679798,-16.243061331857305,2.0643319358800287
2001-04-21,44.99701072764582,12.127646253676696,-16.44600308991844,2.6617253860820265
2001-04-22,45.29575997058202,13.570575338592878,-16.13112724761511,4.07587717239564
2001-04-23,45.91899451965731,14.72634873781807,-14.222698979049722,3.248530639310642
2001-04-24,44.967822733300636,13.871180250343482,-14.32755747342084,3.4552808079181023
2001-04-25,44.53840831363513,14.704538088872667,-14.310144140883835,2.743160281583574
2001-04-26,45.40209385647897,13.514236589546892,-13.94693639519427,4.386998984939764
2001-04-27,45.96564153254607,13.02063973305492,-12.71661410717644,6.001310973406704
2001-04-28,45.080826414461704,13.024772113903571,-13.310455372323256,4.104262644028545
2001-04-29,45.87612692938927,12.033570537509219,-12.693770629068528,4.6194113660783716
2001-04-30,46.99580191461384,10.465751608575317,-12.556375937004356,5.155144318556596
2001-05-01,46.24089467940814,9.656554853151055,-12.980084186064031,6.35491204871689
2001-05-02,47.50722040929319,9.630893026278713,-12.5352761623894,4.516832884292567
2001-05-03,47.07585179761044,9.562162185176556,-12.802346709955174,5.370870695591038
2001-05-04,48.30805976245873,11.026915717538461,-12.743448242501428,3.1972359087539837
2001-05-05,47.706120551411324,13.183960828599186,-13.297073882950459,3.3623546317282806
2001-05-06,47.67287602738125,13.754645387935808,-12.543967110503898,3.7312485381154827
2001-05-07,49.27160889958112,15.010772411392086,-13.290982298028123,3.661344477986599
2001-05-08,48.574304871846095,13.39973127589818,-12.825134979557635,4.209156721702205
2001-05-09,49.470988243181004,13.98293632479866,-13.828727665297063,3.957409044314681
2001-05-10,51.24341524167459,13.061778583107312,-12.999598974776031,3.988970431332542
2001-05-11,51.44725099679196,14.074517960210512,-15.043106601850937,3.1422487327406676
2001-05-12,50.31488582241874,13.359188842628118,-16.21702700104695,3.737873727923879
2001-05-13,50.49558680399515,12.420967509169161,-16.057973784466924,3.2021241371247475
2001-05-14,49.67306965360839,11.852054804010544,-14.87226793420636,4.137584053119385
2001-05-15,48.30279350519517,13.28268296245996,-13.26712123105052,5.085870858417818
2001-05-16,49.7076816455142,13.785021881737448,-13.578635040695447,6.639609408588287
2001-05-17,48.14202376414617,15.29207890812872,-14.014445221152476,6.769866999477159
2001-05-18,49.17248043896882,15.643862852965839,-12.81530047953704,5.537932664969951
2001-05-19,49.29349297313989,14.698743548783414,-13.523521309978035,5.475532262916819
2001-05-20,51.19673531041992,14.884881768447377,-14.810474965295562,5.335376954316556
2001-05-21,50.891274866451596,15.066054972205627,-14.15698492533196,5.6920456095846035
2001-05-22,51.78245216690047,15.088901654112306,-14.113317639066379,4.5904539541224105
2001-05-23,50.671234633239855,14.73213111728547,-14.206221404821065,3.384776418645839
2001-05-24,50.462695688746145,14.079483937686563,-14.243406411603427,2.5031351384636937
2001-05-25,50.61401869927297,13.089632129667104,-14.082529288337057,2.4608762982231225
2001-05-26,50.5113709823718,13.955879313898834,-14.975194795129694,2.315771382312584
2001-05-27,50.75273275651409,14.554264319616141,-15.983475219401784,3.2380441835741416
2001-05-28,51.29503549104966,14.60469090806592,-16.41865697952092,1.3032906259059858
2001-05-29,50.56443235194194,11.365205229104685,-17.455478929981297,0.5786365290996511
2001-05-30,51.44252529417452,11.124004428207202,-18.339971280427456,-0.3854069368715556
2001-05-31,51.749450875433354,9.603014999018791,-19.34088620535801,-1.2986386958509781
2001-06-01,51.54948693085388,10.311586882699304,-21.393473903376506,-1.9753653757405032
2001-06-02,52.170450326851,9.781301601701895,-20.361878002664255,-2.297409549331404
2001-06-03,52.634335392179096,11.099326697110994,-19.5673570391782,-2.5650859619133746
2001-06-04,52.70889074013762,12.825501287058,-19.384379853092764,-1.4996098831235798
2001-06-05,53.84617895754707,11.46222029365766,-18.868858573811774,-2.1784933819788463
2001-06-06,52.48381965065537,13.034125430366187,-20.038431078529985,-2.537261573908721
2001-06-07,55.40332377181299,11.923737351499613,-19.741203360550116,-2.4683550623646218
2001-06-08,56.076895279346566,10.898815117671004,-20.434532396643828,-1.9456642983269485
2001-06-09,56.91873003353881,12.171613926111373,-21.12282532913502,-2.242902881961497
2001-06-10,55.217447522908344,10.91182792067106,-21.318096102037018,-3.4328179056067754
2001-06-11,55.30609641491301,10.546926533149437,-20.659646988842816,-2.9611802663874442
2001-06-12,54.11638871163123,12.399029677757126,-20.12979567977125,-2.85279043612242
2001-06-13,54.598676320220335,13.41535352030449,-20.493245567595192,-2.330386915899275
2001-06-14,55.32565363330398,13.679019562206603,-21.271351990478877,-3.5613809872693225
2001-06-15,55.34485385646725,12.903340055757184,-21.94114084997287,-3.0514484224456435
2001-06-16,54.89749267967899,12.88309814903494,-21.793985545934255,-4.667735660913188
2001-06-17,55.04932888304794,13.061340373593078,-21.799169301487986,-4.422985695028481
2001-06-18,54.717137702013,12.924407815013218,-22.070720635772684,-2.875816874489899
2001-06-19,55.61155243652998,12.609576701643253,-21.323504781653224,-4.491386403239315
2001-06-20,57.06420363956234,13.911964911097495,-21.117227539418174,-5.095271742793097
2001-06-21,57.672874904986394,13.47896132509878,-19.86349945616381,-5.36797113134423
2001-06-22,59.40344161275582,14.524501188852197,-18.229465693339755,-5.778159756905842
2001-06-23,58.24893186890983,15.503778350359301,-19.305594057587122,-6.253172413025961
2001-06-24,58.911170020545434,13.997325957224938,-18.164300282457944,-4.964352626774207
2001-06-25,57.355744303729566,12.866322015978367,-18.582526760886267,-3.926029384162396
2001-06-26,56.91874143846954,14.451297888282776,-19.473419621496546,-3.62877907623324
2001-06-27,55.864398550484275,12.742199525488628,-17.697461968743863,-4.99348298111967
2001-06-28,56.12450622521704,10.653843714020509,-16.690748269850904,-4.227271995666671
2001-06-29,54.89554709629017,11.162319270740223,-16.298244331051855,-2.356756448039087
2001-06-30,56.327914902219526,8.851598114933662,-15.7198118117553,-2.728380503149271
2001-07-01,58.15504695225966,8.687268187631135,-15.288073239192023,-3.412050959784546
2001-07-02,58.230347114191204,6.951320054511716,-13.99501414659135,-2.087000633917988
2001-07-03,59.47729495012397,5.807014700837808,-12.606425902459748,-2.8725642950789556
2001-07-04,58.5401093844183,6.021657521517679,-11.910512815186172,-2.514519536192909
2001-07-05,58.56964159389717,6.258747471559742,-11.554960075131,-3.627447692392584
2001-07-06,60.12878221105456,4.6705593594922306,-12.188104533633275,-4.3406266866533265
2001-07-07,60.85886020112048,3.939353084944619,-11.590990020525354,-2.9161717861953975
2001-07-08,61.44348548747882,2.690707217878186,-12.241740113219754,-2.3232931316005194
2001-07-09,61.911933641730556,1.430177864248983,-11.043836046335025,-2.9197351712294415
2001-07-10,62.079371313735535,2.161686457870274,-10.209731943005025,-2.7068594342411996
2001-07-11,64.10049835393872,3.597530984876387,-11.178695577261937,-2.331291404507512
2001-07-12,65.26158042890948,5.18141731903795,-10.16410952449122,-1.8530468373158988
2001-07-13,66.4138426196614,4.796612219120837,-10.760484941833917,-2.255755210926855
2001-07-14,66.4904852165446,5.920823477641072,-10.449715205075226,-3.2911746884213464
2001-07-15,65.67617368493974,6.712602639465923,-11.304592201703912,-3.4503006430173633
2001-07-16,66.73588807591577,6.440785066701656,-9.539913330879545,-4.091904597621571
2001-07-17,68.23504901957118,6.433050417164253,-11.09892154311708,-5.693306340797414
2001-07-18,66.59153111515735,4.563238467296578,-10.93859034785462,-6.223990444313259
2001-07-19,66.24963084504847,3.3198119121553313,-11.414217586460524,-5.5253521072981195
2001-07-20,68.0047830144744,2.3319897724570993,-11.103341822706776,-7.568961714608145
2001-07-21,66.2580014075212,1.7664876543760535,-9.62057061487841,-7.047303639124644
2001-07-22,66.44926999880362,0.0749241248866066,-9.382405994877345,-7.063837008870423
2001-07-23,65.51295579483916,-0.3321358534034969,-10.733022556963197,-6.343669747243434
2001-07-24,65.0207018961787,0.8761663747546613,-11.69015055333931,-6.589670606489889
2001-07-25,64.51466037704591,0.7164888180791759,-12.966172321042741,-6.299411333588085
2001-07-26,62.40690166104065,2.1777758883416043,-12.273309089083178,-6.921232825435312
2001-07-27,60.52164814834884,1.8409640121378037,-11.500603473015145,-7.649969956978563
2001-07-28,61.794855383771996,1.1248716236368659,-11.12145546727866,-9.615440529871325
2001-07-29,60.33235004985862,0.7679706718046916,-10.705914063192314,-9.56003466580029
2001-07-30,60.213483400844346,1.8397004857838568,-11.162286659988826,-8.216530461637065
2001-07-31,62.27860493719963,-0.22129766879627688,-10.272199869340856,-9.746473397666648
2001-08-01,64.20949246423902,1.9053171057506764,-11.455077756575465,-10.470404153224113
2001-08-02,63.73245600286736,0.3682573013370465,-10.95782531345353,-10.348868803807564
2001-08-03,64.4968573892965,0.5558495270102349,-11.777758311657905,-8.840134207716073
2001-08-04,64.47299055268047,-1.0149288557586393,-12.967944918401162,-7.426960118402278
2001-08-05,65.25515675111268,-2.371574663780151,-11.589376322927054,-8.54234094784649
2001-08-06,66.03033736986082,-3.6654457786477623,-9.861073593956746,-9.602036172820721
2001-08-07,65.24756792669041,-4.8409574569872955,-11.607843004654455,-9.955081077650606
2001-08-08,63.90085866362609,-4.919495331259187,-11.814938082262692,-9.938278414435313
2001-08-09,64.34243841766917,-4.0697955827279095,-12.495359919480578,-9.596723680082189
2001-08-10,64.5297042678448,-3.7199144953716607,-10.67809960580476,-11.131024505165666
2001-08-11,63.146634231528466,-5.045412172629912,-10.967857306443307,-11.009380340287613
2001-08-12,62.69474552299368,-4.088920943011989,-10.595911375041293,-11.247672484183841
2001-08-13,62.07151315504598,-4.516710121371117,-11.82588479402556,-10.96840383933497
2001-08-14,63.62134846920491,-4.3147144201483325,-10.825409300825072,-11.563230671748459
2001-08-15,64.03264803201344,-2.645923124501218,-9.838136796318782,-10.59329719972577
2001-08-16,60.53265363989994,-2.338732244805557,-8.63675455434007,-10.34232371195567
2001-08-17,59.09969559388867,-2.92433871688595,-7.509290156259066,-10.472797399338647
2001-08-18,59.77020137243634,-2.285684031618637,-7.275067097684569,-11.359980681145068
2001-08-19,59.042062283570466,-2.0520055618095663,-7.762767926533079,-10.35675589448612
2001-08-20,57.459378147186186,-1.8470412208115012,-7.0059697258101385,-11.112700511171413
2001-08-21,57.742964235907955,-1.606280084717326,-6.056625135794823,-10.186900846568616
2001-08-22,57.74225775159894,-2.3344304545529364,-5.578141670597205,-10.141072422084846
2001-08-23,57.09177250223624,-3.063182536254885,-4.801739773531663,-10.990596085115135
2001-08-24,56.415375387763184,-1.614025196417568,-4.509765289295021,-10.70503692993215
2001-08-25,57.049722161218845,-1.485042560461029,-4.840981580145745,-10.076790703627369
2001-08-26,55.70774333432809,-2.2704472081400584,-3.0385341791867586,-10.591981915256236
2001-08-27,54.024825499629245,-1.498234409662438,-4.927927895402619,-10.258731938157045
2001-08-28,55.948664295962715,-2.153419648222933,-2.810900458848158,-9.175803476121489
2001-08-29,54.96107434922586,-1.9409227979562045,-1.7606714706557631,-9.832287304227467
2001-08-30,55.475427092082676,-1.8548593449723432,-4.410191812791654,-9.429706553307389
2001-08-31,56.1521796897134,-1.2437145917583097,-4.335072212631232,-11.222204130943128
2001-09-01,58.57067615673783,-1.5345908411527724,-4.139234185325068,-10.824862468704852
2001-09-02,59.44633586491822,-1.0512032506050315,-5.61067479469785,-9.115807738589115
2001-09-03,58.91995675535004,-1.7398532873695691,-7.446204550626594,-9.046411519110528
2001-09-04,58.35661915029945,-2.4414436988958075,-8.08741617825015,-9.742301150726568
2001-09-05,58.9643087383183,-2.685715091334479,-8.016749187300233,-8.801432450749965
2001-09-06,59.90196721934023,-2.348714928994094,-9.515029340189702,-8.796344957467536
2001-09-07,61.17746717093271,-2.088710436378144,-9.438622862238825,-8.532301045671794
2001-09-08,61.81988097771977,-0.5207305515685601,-9.911427622799444,-9.947622118108594
2001-09-09,60.206421535988035,0.6321064179816427,-11.726674275085813,-9.787491460584839
2001-09-10,60.92346384712356,-1.2241577551470082,-11.81742479994697,-7.079681225842483
2001-09-11,62.666576188918356,-1.8820682275714486,-11.139307643027136,-6.18816468345028
2001-09-12,63.617359841224484,-2.320820608529847,-11.59311572781144,-5.95030463190362
2001-09-13,63.516667533311825,-3.2646823197924677,-10.605313651338347,-6.442729488788852
2001-09-14,64.74428444857224,-3.367354527411245,-12.0409133308266,-8.478335932816817
2001-09-15,63.523789412194155,-2.968802550234378,-11.529067111275548,-8.602845366645214
2001-09-16,63.805452347226854,-2.8382630083025426,-11.435453718638525,-7.300886405507045
2001-09-17,63.307087310135735,-2.4196109425627936,-11.332243511613383,-8.237644773634175
2001-09-18,63.69777958075459,-2.4521126508974875,-12.49482364038212,-9.506245787530467
2001-09-19,62.42975298430947,-5.600493864321125,-11.548849190732017,-9.583153719018053
2001-09-20,62.616771130105,-5.908405276988468,-10.190810073308514,-9.860804926376833
2001-09-21,62.553024114420545,-7.334247319011872,-10.831911082397268,-11.033068471148878
2001-09-22,63.19400947949855,-9.186040758123356,-11.84217150920913,-9.181419227033082
2001-09-23,65.15828731719587,-9.394953234464468,-11.878360688873958,-8.93800147025601
2001-09-24,64.49186659973279,-9.80071430521028,-13.155952821712521,-9.440204598006874
2001-09-25,64.34487320936003,-9.280384106066613,-12.287632404306544,-7.386907239672464
2001-09-26,64.32703225183717,-8.899187504821132,-12.83066550061925,-7.989895540530674
2001-09-27,65.14001682079187,-9.086178809107217,-12.205347368260192,-8.487779943808958
2001-09-28,62.92697128648675,-10.071984670646433,-11.356992981407918,-7.1076332238932896
2001-09-29,62.515599120212336,-9.629110914482679,-10.2471945354903,-6.51743476323755
2001-09-30,61.49165059408353,-8.476005312641462,-11.454350736349667,-7.045770267547397
2001-10-01,60.7398019060083,-7.689873950306634,-11.368290075215384,-7.75926327613958
2001-10-02,60.27644251628089,-7.466503640611422,-11.27049633759306,-6.588279519283118
2001-10-03,60.284089919541,-7.82589938820426,-12.003591971528158,-7.8155639422539025
2001-10-04,62.00972516137812,-9.300624367687707,-12.382082326716366,-8.354436993664283
2001-10-05,61.61827878188174,-8.518809277813249,-11.39129173341601,-7.465860864811403
2001-10-06,61.020813251085684,-8.265924697956017,-11.647454358122891,-9.71560446331664
2001-10-07,61.45137476930289,-7.648855894028807,-12.68835074396182,-9.902166883816289
2001-10-08,61.341204053592975,-6.548477067746456,-13.843226548978354,-9.784070081811024
2001-10-09,59.704719186206,-6.953322278926933,-12.398192361383126,-9.50819897352431
2001-10-10,58.654821354815205,-4.672605946000054,-12.265741611768824,-10.086254048114949
2001-10-11,59.20538590102678,-4.588887480838722,-13.258715173610755,-9.302210722472443
2001-10-12,59.57769677008702,-4.429871754531654,-13.035579853573156,-9.769097681263764
2001-10-13,59.97460766766761,-4.034490515680122,-14.769280265653281,-10.216002924334745
2001-10-14,60.61197325678758,-4.957132372624019,-14.42191838440158,-9.69122570639454
2001-10-15,60.56962792989451,-4.826940637267993,-15.886436365599485,-9.262850238503464
2001-10-16,58.54861284435601,-4.478776381111823,-16.276619965194282,-11.181925254022037
2001-10-17,58.574904128133525,-4.31127913861198,-15.812726029679725,-11.043014265659487
2001-10-18,58.51041981535736,-3.593971767986929,-15.719799472789886,-10.868636447914795
2001-10-19,58.32271470127118,-3.0671605992725888,-15.612064479398809,-12.995369168122359
2001-10-20,60.87883072543289,-1.31345555403005,-17.216096733695704,-13.063784881616368
2001-10-21,60.978927109904554,-3.387578139414843,-17.400810219787633,-12.19679105996523
2001-10-22,59.58932404303874,-3.168947008095139,-17.70543033188339,-12.156807381245443
2001-10-23,59.87789935669698,-3.411880014033845,-18.20503396681841,-13.430423485189362
2001-10-24,59.73635668353554,-4.239911522194216,-17.973941734546777,-13.464131753120233
2001-10-25,60.214606965024316,-5.80354683918733,-17.319932224528596,-12.973422355017354
2001-10-26,60.6249837851704,-4.654113695532514,-19.4705371131607,-13.830544844297043
2001-10-27,59.69581916136813,-3.7549948193307374,-19.43070812506243,-13.891541928885577
2001-10-28,59.65262839304665,-3.0796962404699166,-19.999371520861384,-13.198901587491159
2001-10-29,62.01527201133585,-4.183962767004137,-19.000424773734736,-11.881817701274858
2001-10-30,63.51790896824005,-2.7293383445375037,-18.302636999429378,-12.6937814451981
2001-10-31,64.5128882316089,-0.7625794665438965,-19.64538764094416,-12.050814361284132
2001-11-01,65.38596658380777,1.052421307749423,-20.47124985551757,-11.837521441087844
2001-11-02,63.83447041861866,-0.15501791267867704,-22.22108047518013,-12.418546414916673
2001-11-03,62.99363161246781,0.07566805653074504,-21.841438938447652,-13.106051426466959
2001-11-04,62.775367966055555,0.31898670258975154,-23.309205543158427,-12.730972037393673
2001-11-05,62.555117298033444,2.590400060434521,-23.122927497944218,-11.757007231790093
2001-11-06,63.280868315869355,2.199270657891244,-23.342675207234148,-13.754771632421562
2001-11-07,62.40522678351236,3.542474978298193,-23.152545918097537,-12.608099505842976
2001-11-08,61.29362892438651,2.411134179249844,-21.45327093814213,-12.270252750925607
2001-11-09,62.13291659667556,1.637641499194869,-23.233662648210057,-11.771002987735809
2001-11-10,63.17097888725318,1.3060136558574045,-21.99810404986594,-14.327009416347938
2001-11-11,62.808901522236276,1.7297629333209388,-20.897302049909886,-12.43232314010698
2001-11-12,64.51234152096306,2.4116793635527913,-20.129975610308477,-13.72263050471677
2001-11-13,64.51696314121963,3.8738820510183594,-20.666914760854674,-13.234583475104575
2001-11-14,63.20086913090534,2.9427771632401685,-21.762621576979626,-12.094850249775515
2001-11-15,63.24119952426324,2.538881911336081,-20.665709368385063,-12.175114484131369
2001-11-16,62.97593973294455,1.2878109501851003,-21.54695641043815,-12.070884001736445
2001-11-17,64.49458477072706,0.2964739538315534,-22.267990269751866,-13.312559171894486
2001-11-18,64.17447766221026,0.46081741947047994,-21.6018277460254,-12.885848954843148
2001-11-19,64.70424131809759,0.4089984788233302,-19.743008185000996,-10.590407961055057
2001-11-20,65.37169145934766,0.39690736541425464,-20.232088222401117,-11.54754000144475
2001-11-21,64.74133780669753,-1.076923282059485,-19.709400019523553,-10.561272779560964
2001-11-22,64.3016236253939,-1.1149824926474627,-18.281437176147527,-10.669834727094708
2001-11-23,64.9113783242717,-2.5046611281621933,-20.047849930916563,-9.514902375991275
2001-11-24,65.16007368886447,-1.9774167369644697,-19.407108595601155,-9.675263683975901
2001-11-25,67.41301688884394,-2.1758062025431495,-18.945060584885177,-9.290759032643392
2001-11-26,68.19528972136062,-2.901562446703523,-19.68181334271504,-9.616505770954836
2001-11-27,68.29583388732253,-2.574410832510734,-19.90358909584872,-9.450872988475426
2001-11-28,67.15828737051507,-2.7132043166518094,-19.449977069301386,-7.717906526665811
2001-11-29,67.0959274130257,-3.2595620534470826,-18.425844587241293,-7.54450489382487
2001-11-30,66.57899452847093,-5.0960451767515895,-17.658904203112616,-8.30316420442031
2001-12-01,65.64289243724608,-6.004613321422062,-16.682359920995033,-8.63390966309799
2001-12-02,66.94844594962305,-5.344372898227219,-18.02531620900234,-8.812339243939988
2001-12-03,67.70246875290714,-5.177904660574866,-17.173321385368276,-9.681976186892715
2001-12-04,68.22745306290679,-5.438707094252161,-16.469875509816763,-9.391281705445676
2001-12-05,66.94165948653021,-4.374624206034175,-15.743075407017932,-10.921180752247835
2001-12-06,66.33875777268524,-4.031465067383117,-15.446730668762381,-9.166806857231279
2001-12-07,66.83061249801393,-6.09055700890739,-14.921593277955838,-9.970021858625403
2001-12-08,67.00749130518174,-5.457300698813345,-15.991977589782573,-9.874902589448089
2001-12-09,65.53170619889049,-4.116681698648689,-17.992219839027847,-9.459400031238012
2001-12-10,64.97128059108205,-4.511227384881349,-18.99650911715785,-9.40606584598664
2001-12-11,64.05464666801637,-4.172440781274061,-17.034930369441625,-9.011812026521609
2001-12-12,62.644837481667956,-3.874859638846059,-15.708760046975943,-9.992719847425859
2001-12-13,64.09335314826077,-3.4452559105554434,-14.659448456258602,-10.088727644472215
2001-12-14,64.62065454946732,-1.1196313340074515,-13.152475229201844,-8.730035754040381
2001-12-15,63.319003355401826,-1.7067550341364432,-14.909672286163486,-9.730069537374083
2001-12-16,64.63937671901401,-2.202822867515415,-15.88746842811375,-10.54439756402249
2001-12-17,65.17941924911925,-1.5855502064384517,-16.659210551733985,-10.192568369900103
2001-12-18,66.38185850013319,-0.9445636599669545,-16.640248683854146,-9.86808372503242
2001-12-19,65.85397417785433,-0.6522379321638746,-16.29414014946533,-8.809038213309242
2001-12-20,64.87106180506314,-1.208784338240057,-16.571389636942143,-8.829398975374733
2001-12-21,65.38234441806975,-1.4698344114785922,-17.30580489938989,-11.05600292769538
2001-12-22,64.80692395334356,-2.372009318842599,-16.219370957977237,-9.15425227787526
2001-12-23,65.89050635381994,-0.598325481943955,-19.24380104689605,-8.833801439814843
2001-12-24,67.4366566682509,-1.484625825944573,-19.46644663962436,-7.656090755329295
2001-12-25,64.79533303568196,-0.5988053419341898,-18.409927342222048,-8.862411256095386
2001-12-26,64.7876443486939,-0.18498023131084151,-19.55115499156435,-9.507457940011237
2001-12-27,65.31072518239631,-0.488649609148631,-18.43958063830962,-9.217916303747565
2001-12-28,65.96272141095565,1.9296046050639009,-18.161163933430117,-8.480188981276898
2001-12-29,65.26731806669618,1.949086561459059,-19.10740371442062,-8.433304014819546
2001-12-30,64.43994411694501,1.3146338960835031,-18.103590700208386,-6.132772152190094
2001-12-31,64.43653924731878,1.2693120108798999,-19.703250469692374,-5.33161446293127
2002-01-01,63.57067061449143,2.361128517249889,-18.572441734155614,-5.144222269934842
2002-01-02,64.88636208221905,-0.34227523451395037,-19.15748162474092,-5.080773221777481
2002-01-03,63.44465187091981,1.049890742392996,-20.682942690394242,-4.5501927928930614
2002-01-04,64.87641783435109,1.8179917322031591,-21.04595712791484,-4.586571684105545
2002-01-05,64.73845174010856,2.3448806189408056,-20.101074190038652,-3.1758588143399167
2002-01-06,64.94358902298441,2.1163073418068072,-20.872425628094156,-3.189064154745105
2002-01-07,64.35281848388523,1.8383952732825672,-20.136044171091935,-2.7180715298070246
2002-01-08,64.46359229107073,1.1259553868663452,-20.06850869212432,-4.622031421734968
2002-01-09,64.06517286980598,2.1853761086854346,-20.193319375462245,-5.606853556654144
2002-01-10,65.63268212049026,2.7072753443853887,-18.34006368462466,-5.628108036315521
2002-01-11,65.23633314848867,4.613841123107786,-19.34423497575728,-7.173110243134644
2002-01-12,64.99131034965461,5.633119877621662,-19.995327286388896,-8.413473972816636
2002-01-13,65.37942020831598,5.156827358562929,-19.492380781806574,-6.435420350391109
2002-01-14,66.46066571015356,5.250262715427665,-20.035500753678992,-5.93448675082738
2002-01-15,67.09251123932859,7.2028836168810795,-19.39741399386851,-4.597865362052644
2002-01-16,66.16881034665674,7.3896305301487875,-19.97169855109948,-4.93048695363016
2002-01-17,66.4000396717709,8.350363689306693,-20.401850020356544,-5.568958697892274
2002-01-18,67.90810363457612,9.307449069725328,-20.87859187965275,-3.862614503218391
2002-01-19,67.96003659134702,9.119997333138139,-23.427931639173714,-4.1456403864122064
2002-01-20,67.79680729220212,10.287197891202002,-23.49735458415058,-5.081703027927075
2002-01-21,67.71530896441533,11.738050248532941,-23.570245988236515,-5.643226366469892
2002-01-22,67.29519851083913,13.438656849854688,-25.640952588294923,-6.808558716585339
2002-01-23,68.05168024799353,11.78421774755622,-25.18931717361735,-5.619769331717825
2002-01-24,67.48194783908562,13.059490373641557,-26.332451239964602,-6.333251963243532
2002-01-25,68.69197952565789,12.989511323695309,-26.820866342853343,-6.043709772795066
2002-01-26,68.23044523572945,12.564636661466457,-29.204846683676088,-6.824532784697427
2002-01-27,68.26094635253791,13.102467886549814,-29.577044417464574,-5.149266066997181
2002-01-28,69.02252445441894,12.286493114783644,-29.033733613507057,-4.194096389046019
2002-01-29,69.42015633821495,12.074928306951787,-30.414468149217516,-3.637200338382237
2002-01-30,69.6173395516165,12.472273062610904,-29.528482278335268,-3.3092984584806433
2002-01-31,70.47393065644812,11.182253617761262,-28.82777341539424,-1.8555357894394056
2002-02-01,69.46245114607076,9.876613071720234,-29.845838797315576,-1.4006143344843962
2002-02-02,69.21781283605537,10.068843501092731,-29.420552484578767,-0.930517281531783
2002-02-03,69.8348851518984,9.044192373007114,-29.48253275830399,-0.7872680314189318
2002-02-04,69.6557723043186,7.944706629477427,-30.46237300863859,-1.9959890992908207
2002-02-05,69.94116294741892,6.87152688626548,-30.280605581693866,-1.1375443107122392
2002-02-06,70.83615011281164,8.289755570148335,-29.20759813743012,-2.8302877915450755
2002-02-07,71.30071027622968,8.853915509377366,-29.566578761373858,-2.4945448039419276
2002-02-08,69.62725170273534,9.664242415655451,-30.19570058260849,-3.697242447394442
2002-02-09,70.34482156435737,10.404848651677204,-31.106208609264716,-4.2176476761081325
2002-02-10,69.2766931754335,9.623334939725302,-30.573835717351784,-4.021166144249251
2002-02-11,70.74504898583004,9.487621877528603,-30.129945310227324,-4.042742063045581
2002-02-12,71.18270700775624,8.639142193315644,-29.195404021931495,-3.6909152803739236
2002-02-13,72.16894866544716,9.752562991165368,-27.748405255452354,-3.3697746271370366
2002-02-14,71.23452882533611,10.670041921687503,-27.157576427448674,-4.433285594784676
2002-02-15,72.25460302922649,10.508100453613762,-24.60192020701599,-5.5208048893068415
2002-02-16,70.50637535027624,10.797645611194133,-25.084961379480227,-6.1187693344144085
2002-02-17,70.40776104347776,11.975357986627461,-24.320129550495828,-6.699142512657756
2002-02-18,69.78140539643606,13.607117636046064,-23.318888603535655,-4.3777984724164645
2002-02-19,70.18859478343043,13.363579739980317,-24.062345149397043,-3.535842824339515
2002-02-20,70.85259499300538,12.595938344080551,-24.734670042239927,-4.896864281983411
2002-02-21,70.8837639264869,14.699412096739177,-23.49933263630834,-6.051814023044436
2002-02-22,71.10417676225927,15.106139598531277,-23.09880659262512,-6.907787858591835
2002-02-23,69.79905997440659,15.33098848827156,-22.987583044331227,-5.963013455279238
2002-02-24,68.69581069014343,16.97588099133889,-22.991505109271067,-6.2101786832868875
2002-02-25,69.04417550704397,16.5423010526791,-22.7824204130346,-5.577501141565523
2002-02-26,69.52024618095572,16.449207312262317,-23.708618193193654,-5.879357355196702
2002-02-27,70.38240896492779,16.17413736355039,-23.09790321071358,-4.6717665123105085
2002-02-28,71.52366619131507,17.418640276381765,-22.544510823921875,-4.665863934040821
2002-03-01,70.63649064478561,16.339493554174773,-22.002754393853632,-4.6880314415420905
2002-03-02,71.6003240642312,16.605685582111978,-21.67220639655183,-4.758846680709889
2002-03-03,72.52851409558443,16.502636793738077,-21.740565279763967,-4.414275867048975
2002-03-04,72.62937895543894,16.229865142085494,-22.03209718868114,-4.055429272483674
2002-03-05,72.76047162286748,15.791200961246082,-21.807199043124278,-4.696308863556929
2002-03-06,73.84766748046039,15.336061772924227,-21.72851870985998,-5.2007315628899535
2002-03-07,74.36216422185657,15.89682696798456,-22.815115129348456,-4.258476705844871
2002-03-08,73.50439189237471,15.971734794742366,-22.177245103296105,-3.7702817411180067
2002-03-09,73.53691235619092,16.57313737166473,-22.25192972348517,-3.7888454101759836
2002-03-10,73.82171445647205,15.467202642799805,-23.14352986598003,-4.915855074643425
2002-03-11,75.18671741805575,16.514444933307544,-23.25416404496924,-5.24675094781548
2002-03-12,75.16200481624551,16.31266939736073,-24.733663211083307,-4.720167823949874
2002-03-13,75.20406116254357,15.6181920438597,-25.087571925826794,-6.00642660871396
2002-03-14,74.67898454985823,15.117448316493755,-25.075451568513056,-7.646699856777013
2002-03-15,73.69192676640452,14.143757606317063,-25.486020374688888,-7.47183286006976
2002-03-16,73.86339827537662,12.398140868295936,-26.02794149500576,-8.15434660684646
2002-03-17,75.04226069673076,12.85557021729808,-25.83765524737307,-6.837737675552608
2002-03-18,75.11438639381262,13.44086325312263,-26.26836339680297,-7.852873153847355
2002-03-19,75.0050140463746,14.044245982391189,-26.693253072838523,-8.591525452862228
2002-03-20,76.5819310935065,13.818721281501816,-27.38565509031895,-8.306784936203753
2002-03-21,77.60066160276439,13.411468909298698,-28.108804021020042,-7.148048588114193
2002-03-22,77.08854609656919,13.4657931823655,-29.09202641550063,-5.875815138257707
2002-03-23,77.17748236501978,13.849451369579869,-27.37188260682997,-5.638710283906549
2002-03-24,73.70190347305498,13.011823206853665,-28.22329826736246,-5.858473667969099
2002-03-25,73.68164281413307,14.103615233683149,-28.08699806173301,-6.887859597339148
2002-03-26,74.46456392825557,14.640425276477394,-29.711335954087158,-6.638436751522297
2002-03-27,74.99231448092051,15.430974930241856,-29.308589473001142,-7.140929680843288
2002-03-28,75.04178340935772,13.438706427894452,-29.819566527455596,-7.186278824183712
2002-03-29,74.04443025240859,13.591102052783688,-28.720342364124065,-7.144993240999401
2002-03-30,76.1762537174973,12.916306579005221,-29.02380873473733,-5.485886386016948
2002-03-31,77.2399226771031,11.369852074776128,-29.10322148764487,-6.333545756732704
2002-04-01,77.18101935671369,11.819967330837104,-29.363079248289047,-6.63419867706544
2002-04-02,77.12492671561998,11.351629853123583,-29.4533429796102,-5.274059506158935
2002-04-03,77.69104724370756,11.922123951993099,-32.12649747147419,-4.893763278807135
2002-04-04,78.04136815719274,10.473464368977544,-32.53031249289497,-4.918135714766944
2002-04-05,78.92502233619501,11.058411100277285,-31.653083605307696,-3.7309519105634403
2002-04-06,78.6667356730416,11.787476604392788,-31.525326779383246,-2.736495785058198
2002-04-07,78.82919198183454,13.08743839340358,-30.45172449383099,-3.300714901921944
2002-04-08,78.99003732169358,12.726559587688751,-32.00221804609917,-4.577478081943939
2002-04-09,79.35931803615624,12.00758899139749,-31.30025413057559,-5.37054414762666
2002-04-10,75.82450134554117,13.071464061501318,-31.031656602692056,-5.927909525503965
2002-04-11,77.04546154351888,13.52828177081849,-30.448583192892865,-4.434073515362728
2002-04-12,77.53400462193382,13.86768755836407,-29.840191769690204,-3.8927928264134763
2002-04-13,76.645168314969,13.197055644617874,-29.80616986452425,-4.466750655238328
2002-04-14,76.89629804651945,14.349746799126493,-29.326384432457694,-5.246540899210983
2002-04-15,78.88230163899505,13.831248360733493,-29.753031555812065,-5.423425698035868
2002-04-16,79.78807850957799,13.33014130680446,-28.25702454473393,-6.873827918230841
2002-04-17,78.96514154544582,12.306075552971096,-27.739788336853856,-5.2351267628957725
2002-04-18,79.55685652314075,12.475605546701097,-26.511735208897598,-6.798247593756259
2002-04-19,79.77237243740112,12.578215384271786,-27.90380817629626,-6.397934827243189
2002-04-20,78.88217888299732,11.81366779990277,-27.059525718742538,-7.270411804285711
2002-04-21,77.69529652085828,11.33010123831955,-27.03110343334697,-6.330944146985784
2002-04-22,77.70346154051876,10.006484581031662,-27.249024350152258,-6.506369946231196
2002-04-23,77.8206283861661,9.61573882678003,-25.791390541466246,-6.849357070021539
2002-04-24,78.10684734560036,10.095953396448543,-23.67645103156629,-5.728840192397641
2002-04-25,79.50471815769082,9.382764560506942,-24.291911572864976,-6.372708026055311
2002-04-26,79.90586066898568,10.28545346760322,-26.05067277387144,-6.981341376888204
2002-04-27,78.93584013493938,10.104665571112685,-25.576714209200492,-7.642545944178416
2002-04-28,79.32307294020043,7.728808199016088,-25.696030121876642,-7.7475511436896
2002-04-29,80.17058579207726,6.9660625824048745,-24.864689663575813,-6.805432426633009
2002-04-30,81.1878410052809,5.9756518039280175,-24.11601009154007,-7.289065282389809
2002-05-01,81.8832699244859,6.483517545349698,-24.864546808720746,-5.787358832374815
2002-05-02,81.4204088192013,5.709208030330988,-23.724825002496583,-5.430813814448342
2002-05-03,82.6944359586558,6.756988076813273,-22.9884512755028,-5.207290011757623
2002-05-04,81.36408562620346,5.97853747877315,-23.335885895769714,-5.265950801949297
2002-05-05,82.19249506543592,6.723524178903158,-22.222970432800782,-5.730513484552583
2002-05-06,81.59602276655046,7.696593904260847,-22.389864297894263,-5.685443695352204
2002-05-07,79.85412734523702,8.670907368412076,-22.877290375809373,-4.325976773597842
2002-05-08,81.6120912369714,8.516644380572322,-23.6621190621928,-4.284411265762013
2002-05-09,82.0585636965481,7.337910537078007,-22.148259295284042,-4.059921873482887
2002-05-10,81.25787917690609,8.560839125443964,-22.71405912201219,-3.552382754426543
2002-05-11,80.57181535683176,9.485281484497687,-25.676974520902654,-2.2904258890042897
2002-05-12,81.2674746231376,9.793354835942518,-27.692794797575342,-2.5983926727669493
2002-05-13,81.69247271845812,10.54978670240806,-25.326975129013505,-3.522626305145996
2002-05-14,80.9368155729639,10.867109256724742,-25.26165450461473,-3.072149560546844
2002-05-15,80.39216809437946,11.261423473221551,-26.24919471911976,-4.686657773686021
2002-05-16,78.62325966562945,11.680290883569345,-25.724428054434828,-2.621172817596532
2002-05-17,78.05149678029217,12.329684581601752,-27.563865270174766,-4.474570444924827
2002-05-18,78.55641893993592,12.96604668929503,-27.71632034677133,-5.078522225458423
2002-05-19,78.02145473483209,12.318583990651772,-27.23548893178943,-4.469252960826996
2002-05-20,78.66549971163737,12.52691022268063,-25.74292939551641,-3.74759746322152
2002-05-21,76.3356164404943,13.463368362264337,-26.932015829139647,-3.4472108452516745
2002-05-22,76.44150222170198,13.365274830362178,-26.979248546968996,-3.7772789621819864
2002-05-23,75.91674473405146,12.875903963230344,-25.403482897322725,-5.000888604806762
2002-05-24,76.6555850009955,11.906174756927951,-26.365255460087223,-5.322573440102615
2002-05-25,76.08476284015313,11.62127097592368,-26.846116836977995,-5.148026609556079
2002-05-26,75.10164621073075,10.649708737132597,-25.992456034057582,-4.917128312356966
2002-05-27,73.59770065711724,11.118008225663788,-25.537648911064505,-4.275779556711074
2002-05-28,74.89410829846061,12.026522558348136,-26.010386244043904,-4.5550257697946845
2002-05-29,75.13838769383385,10.113280040970947,-26.381986898367597,-3.385788133526732
2002-05-30,74.95344716154457,9.842341625564238,-25.44469407444516,-2.8113323253815374
2002-05-31,74.74498420680125,9.594378964914078,-25.283360812707052,-4.375257091115061
2002-06-01,73.91143849505384,7.82744841894237,-26.566715715250027,-7.068003181844734
2002-06-02,73.94910188144063,6.034911802599295,-24.633894485478727,-6.2317066786341595
2002-06-03,73.0963810849414,6.29594867135363,-24.174112280622424,-5.987988934031663
2002-06-04,72.43202428057447,6.424780883968914,-22.791286093032173,-5.813379094501519
2002-06-05,73.21764718051176,7.389473934949931,-21.952085257002224,-3.195638985202476
2002-06-06,72.92802030647611,8.72792416574229,-22.254398697997605,-1.3810402433628424
2002-06-07,73.18139403375721,8.34958820866011,-25.079252849061092,-0.6081726258717373
2002-06-08,74.45451184977391,8.723455592508879,-25.65839003707299,-2.26146223795402
2002-06-09,73.66683551816398,8.049162193115583,-24.42758312235154,-3.4228354591799297
2002-06-10,72.62870005459332,9.498090841571418,-24.07211004858627,-2.93051582773297
2002-06-11,73.62881153814763,8.726307395050613,-24.359952376225287,-4.090674665214783
2002-06-12,73.00219120812041,10.289874750530144,-23.72085258084494,-3.2287167403292103
2002-06-13,74.38789482206272,12.56876005548991,-27.38586908924251,-2.828010473055821
2002-06-14,74.99989912034742,13.2820631521443,-27.800184986389088,-3.3800726797137903
2002-06-15,74.97294724626715,11.592635325502483,-29.211589584253293,-3.11283674128669
2002-06-16,74.44128701027677,12.61052949829437,-27.75825307882795,-3.833406957855897
2002-06-17,73.85233321396983,11.671691888485814,-28.647912524914588,-3.892635339416425
2002-06-18,72.9941518175373,11.294947551021409,-29.078422772697174,-3.6634473714009737
2002-06-19,73.32169209843116,12.374289552853156,-28.928807273336943,-3.139503933861712
2002-06-20,73.86541398469039,11.3226015704123,-28.197727591206966,-1.9327734588983707
2002-06-21,74.88788592147317,9.778857100000549,-28.072263583161455,-1.354932005562147
2002-06-22,76.04561792772188,9.781742485767426,-29.35022366879865,-1.393513107255664
2002-06-23,75.34911066361086,9.281140259654558,-28.01057816987983,-1.9520414585724657
2002-06-24,73.37085314771927,9.219740940900543,-26.145356840305688,-0.9635080166884235
2002-06-25,73.58163424341765,10.428512623727228,-25.87468641559095,0.18254305962965656
2002-06-26,74.52084603018103,8.548728907074308,-26.095765771815305,1.465834303844554
2002-06-27,74.26307739617388,7.296488597618427,-25.544923546963027,-0.20682423561748697
2002-06-28,74.14245107621578,5.944632293578321,-27.151649316972033,0.9213569070751781
2002-06-29,75.29345151772223,5.822536306131166,-28.46802530978482,-0.27565722639574086
2002-06-30,73.39604890252909,7.115577632928863,-29.051832918871096,0.040551999412519246
2002-07-01,72.78800343249735,7.290676669407606,-26.832831077258845,-0.11280032497213394
2002-07-02,74.15801106002036,9.068353032654043,-29.072680487191523,0.8272788712373063
2002-07-03,73.96579967117036,8.580057653694785,-28.849966341461993,0.18343291763030178
2002-07-04,75.65449513594352,8.59755838503869,-30.16199815705721,0.7283342220530515
2002-07-05,76.36581026209218,8.91152785417363,-31.198531480906567,-0.8453725195359063
2002-07-06,77.57015565497451,9.077619091850584,-32.35114969357019,-0.7869297150186022
2002-07-07,77.65875162771553,8.68786332058665,-31.504313320836044,-0.26573652433019257
2002-07-08,78.25243557263988,6.218855275362571,-31.821580148606284,-2.047392182980948
2002-07-09,78.81939292335079,7.549308556513834,-32.219117776315166,-2.6744860644781725
2002-07-10,78.47614534390124,8.769265204562403,-31.782353907281546,-3.5970348269288586
2002-07-11,78.37016863122736,9.034546128269673,-32.997797628220745,-3.7692396845230243
2002-07-12,78.15090135176536,9.630595893479713,-32.98450477891919,-3.998025166024109
2002-07-13,78.69618339839562,10.342320704249238,-32.29514726226177,-3.520128601703423
2002-07-14,81.55352997342173,11.260710053160246,-32.62311282049817,-1.8770124390241196
2002-07-15,81.59332902310639,11.051476335553671,-33.40648515618246,0.07076935298736031
2002-07-16,81.29049066971355,9.884249557560603,-33.936122015327534,0.6283267939745562
2002-07-17,81.16266735301882,9.607975536431658,-35.2432848539852,-1.009491605161907
2002-07-18,80.35933135527773,9.47934533401366,-34.26576898581206,-0.12679727629426085
2002-07-19,80.5501374551807,7.993208725959946,-34.42168755436052,-0.31168765893167516
2002-07-20,80.38348871390117,9.190646003427865,-34.44049962408619,-2.155777721709048
2002-07-21,80.14341895048021,9.00065893329726,-34.809852169652544,-1.1100247385938273
2002-07-22,82.32369284415482,8.073208861041714,-34.446699972722925,-1.4768052947196637
2002-07-23,81.7695284400122,8.001999069904851,-32.85845716083195,-3.1421948295728934
2002-07-24,81.67272544246667,6.862124426809327,-33.235828867737936,-4.02044025309886
2002-07-25,81.02244103716941,6.843709398650896,-33.26127617491897,-5.179208198622529
2002-07-26,80.30968807319388,6.209223940849507,-33.26396413777192,-3.3378949337549217
2002-07-27,81.97684288925846,6.383594767650125,-34.11079636768663,-3.4083252776691166
2002-07-28,83.7429595315788,5.372672560179584,-33.33479396455686,-2.9526193414286688
2002-07-29,84.77762141542289,6.159398633947078,-33.194039980057376,-2.667849593793667
2002-07-30,84.23427943035313,6.380748928445122,-33.44120140275982,-2.3812895962890184
2002-07-31,83.80178672883063,8.211210036314782,-33.941682022961906,-2.0774022855100904
2002-08-01,83.62338358898876,8.712299308187118,-34.55570677793907,-3.0785743318707444
2002-08-02,84.55456404032812,8.135212461062508,-34.19891502142682,-2.150394800068868
2002-08-03,82.06938330922199,7.946166121584589,-34.43523773085543,-0.869678188055766
2002-08-04,81.4774162628892,7.5838046843326445,-35.173365648521944,-1.0855419498497556
2002-08-05,81.61255160813535,7.187739485750902,-35.9160274487724,-1.9748115984929204
2002-08-06,80.54851733700073,8.336526078640459,-35.22725883594251,-2.008089877930023
2002-08-07,81.42499754638524,8.315756989030005,-35.14921151127874,-2.314667719406632
2002-08-08,81.40697565698274,9.287758755405413,-34.81590410334321,-1.721623806124534
2002-08-09,79.0037422875031,9.921904749023462,-36.33758661437946,-1.3530805710598
2002-08-10,80.67103643546479,8.967670796906779,-36.62149195536147,-1.9479532582342989
2002-08-11,79.89653204796211,8.657033355286725,-37.35154101048424,-2.0166745026379123
2002-08-12,80.22499797321551,7.409255670634212,-36.950140818233834,-0.5086716251797345
2002-08-13,77.66530360882662,10.768237138727647,-37.129073329983115,-0.6486514557034718
2002-08-14,77.3029343150635,11.151564582471142,-37.73741085829292,-0.46116623706692306
2002-08-15,77.75446771511717,11.925831437248661,-37.20421092195478,-2.038422856854786
2002-08-16,78.37034705770658,12.465252393011385,-37.08107303230711,-0.7209052670134104
2002-08-17,79.63134934932317,12.024912696911965,-37.13332319702233,-1.893664061924702
2002-08-18,81.15033396287171,12.963771019298633,-36.863625340592904,-1.12036649453826
2002-08-19,82.10519835325437,13.306580419142605,-36.47924216407831,-1.1483629243901947
2002-08-20,82.7897876121501,12.414505446265192,-36.304163628911496,-1.8624719522383848
2002-08-21,83.5819652410175,12.662997561636443,-37.321717147054315,-2.53177073184015
2002-08-22,84.46453632306321,14.189560008250579,-34.67948684092288,-2.347153187665709
2002-08-23,84.15066990000047,15.584878117313808,-34.61734603622234,-3.2129209448684897
2002-08-24,85.05875482011623,15.056133176836987,-33.345282216686876,-3.7988976756751445
2002-08-25,84.92453378514841,14.973823863620945,-34.22867911762888,-2.9774133998364807
2002-08-26,85.91664526658846,13.639676112903476,-33.243780529656675,-1.7348302950722403
2002-08-27,86.09547609558159,15.27863485178465,-34.49293461774595,-3.5148078816052077
2002-08-28,86.70304383382117,15.976313532557514,-34.59102102722826,-2.448292502803861
2002-08-29,86.55841732796385,15.448250347277146,-34.899737944469074,-2.4829983232430743
2002-08-30,85.01092285015449,14.688618682401463,-36.079798693155375,-2.8761229869309317
2002-08-31,85.21733582331056,12.66992475176574,-35.730279293084564,-3.430523033893374
2002-09-01,85.10140786994444,13.958184786297263,-35.13428768826744,-2.7273593911850833
2002-09-02,84.3838799007396,15.149371669555864,-36.736443421643294,-3.4782385199036807
2002-09-03,85.13547871783588,15.007445819944133,-36.31265016922243,-3.311984507028399
2002-09-04,84.01465401673397,15.018262196420114,-35.26472595919546,-1.4150524959865696
2002-09-05,84.69224682511602,14.458377298838792,-34.604453221809926,-0.6215343523050998
2002-09-06,85.18087828556286,15.930929466087171,-33.696284237229435,-0.3253189404740349
2002-09-07,85.1660918274521,16.25158800477119,-35.197036053584235,0.04933924032550513
2002-09-08,85.58039060894924,15.482234594569112,-34.012742887995266,0.3231666474698326
2002-09-09,85.64761084149065,15.334415358644842,-35.255268424818446,0.09213707639464416
2002-09-10,86.87493554449894,14.523851125948614,-36.39626474509328,1.1867315571347838
2002-09-11,85.98601765325637,15.29683011330721,-34.59719640983624,1.119644986368768
2002-09-12,86.09508831538594,14.10481741936426,-34.10862251447772,0.33497824948429367
2002-09-13,86.74739907031754,13.914208552594806,-32.73028890251676,-0.9366463121490907
2002-09-14,87.38989845715079,15.259408148217258,-34.546431298644826,0.2682894543668144
2002-09-15,88.68777685363459,16.14703624890896,-34.77663958552421,-1.242381508362391
2002-09-16,88.60437814346949,15.637765789125769,-34.70177213549958,-2.978045760835395
2002-09-17,89.76555520099015,17.63305474797823,-34.277057129177784,-3.8314266630394043
2002-09-18,91.14860040619273,17.533595922182133,-34.580712071620184,-2.3280529197915
2002-09-19,91.88639596456346,18.03936305747381,-34.13764207650285,-2.279412143442313
2002-09-20,92.62336842466169,18.317513597395862,-34.91319497302866,-2.760966799665681
2002-09-21,92.24896656295344,19.960762740207155,-36.64170957184381,-2.9267226519852887
2002-09-22,93.38200456846886,20.660741397668424,-38.29661091808834,-1.9623969466968885
2002-09-23,91.70623278674776,20.589884853493793,-37.48895456963384,-0.9475665237264803
2002-09-24,91.19871387533728,20.297276945025338,-38.81842168195953,-1.9067428763308056
2002-09-25,90.97771855508155,19.520379862162134,-38.05631517173453,-2.617709860510374
2002-09-26,88.81016722017708,18.259385379970272,-38.97339789917378,-0.8593549246260987
